Konfigurator;Tab;Reihe;"Reihe erforderlich";"Reihe erlaubt die Auswahl mehrerer Produkte";"Produkt SKU";"Produkt standardmäßig ausgewählt";"Bild für die Visualisierung";"Farbe des Bandes";"Text des Bandes"
"Online Bemusterung";Bodenbeläge;Parkett/Fliesen;x;x;s090de_001;x;Bembe_Comfort_Tabis_Smart_matt_versiegelt-1.png;;
"Online Bemusterung";Bodenbeläge;Parkett/Fliesen;x;x;s090de_002;;Bembe_Comfort_Tabis_Smart.png;;
"Online Bemusterung";Bodenbeläge;Parkett/Fliesen;x;x;s090de_005;;Bembe_Comfort_Tabis_Diele_matt_versieglt-1.png;;
"Online Bemusterung";Bodenbeläge;Parkett/Fliesen;x;x;s090de_004;;Bembe_Comfort-Tabis_Diele.png;;
"Online Bemusterung";Bodenbeläge;Parkett/Fliesen;x;x;s090de_003;;Bembe_Comfort_Tabis_Raeuchereiche_geoelt.png;;
"Online Bemusterung";Bodenbeläge;Parkett/Fliesen;x;x;s090de_006;;Bembe_Comfort_Tabis_Diele_Eiche_Mokka_geoelt-1.png;;
"Online Bemusterung";Bodenbeläge;Parkett/Fliesen;x;x;s090de_007;;Mosa_1104V_Residential_Cool_Grey_30x60-2.png;;
"Online Bemusterung";Bodenbeläge;Parkett/Fliesen;x;x;s090de_008;;Mosa_1101V_Residential_Cream_30x60-2.png;;
"Online Bemusterung";Bodenbeläge;Parkett/Fliesen;x;x;s090de_011;;Mosa_5126V_Core_Collection_Natural_Beige_30x60-2.png;;
"Online Bemusterung";Bodenbeläge;Parkett/Fliesen;x;x;s090de_012;;Mosa_5104V_Core_Collection_Clay_Grey_30x60-2.png;;
"Online Bemusterung";Bodenbeläge;Parkett/Fliesen;x;x;s090de_013;;Mosa_5112V_Core_Collection_Graphite_Black_30x60-2.png;;
"Online Bemusterung";Bodenbeläge;Parkett/Fliesen;x;x;s090de_014;;Mosa_5102V_Core_Collection_Vivid_White_30x60-2.png;;
"Online Bemusterung";Bodenbeläge;Parkett/Fliesen;x;x;s090de_009;;Mosa-1104V-Residential-Cool-Grey-60x60.png;;
"Online Bemusterung";Bodenbeläge;Parkett/Fliesen;x;x;s090de_010;;Mosa-1101V-Residential-Cream-60x60.png;;
"Online Bemusterung";Bodenbeläge;Parkett/Fliesen;x;x;s090de_015;;Mosa-5126V-Core-Collection-Natural-Beige-60x60.png;;
"Online Bemusterung";Bodenbeläge;Parkett/Fliesen;x;x;s090de_016;;Mosa-5104V-Core-Collection-Clay-Grey-60x60.png;;
"Online Bemusterung";Bodenbeläge;Parkett/Fliesen;x;x;s090de_017;;Mosa-5112V-Core-Collection-Graphite-Black-60x60.png;;
"Online Bemusterung";Bodenbeläge;Parkett/Fliesen;x;x;s090de_018;;Mosa-5102V-Core-Collection-Vivid-White-60x60.png;;
"Online Bemusterung";Bodenbeläge;Sockelleisten;x;x;s090de_019;x;;;
"Online Bemusterung";Bodenbeläge;Sockelleisten;x;x;s090de_020;;;;
"Online Bemusterung";Bodenbeläge;Sockelleisten;x;x;s090de_021;;;;
"Online Bemusterung";Bodenbeläge;Sockelleisten;x;x;s090de_022;;;;
"Online Bemusterung";Bodenbeläge;Sockelleisten;x;x;s090de_023;;;;
"Online Bemusterung";Bodenbeläge;Sockelleisten;x;x;s090de_024;;;;
"Online Bemusterung";Bodenbeläge;Sockelleisten;x;x;s090de_025;;;;
"Online Bemusterung";Bodenbeläge;Sockelleisten;x;x;s090de_026;;;;
"Online Bemusterung";Bodenbeläge;Sockelleisten;x;x;s090de_027;;;;
"Online Bemusterung";"Fliesen (Bad)";Bodenfliesen;x;;s090de_048;x;Mosa_1104V_Residential_Cool_Grey_30x60.png;;
"Online Bemusterung";"Fliesen (Bad)";Bodenfliesen;x;;s090de_049;;Mosa_1101V_Residential_Cream_30x60.png;;
"Online Bemusterung";"Fliesen (Bad)";Bodenfliesen;x;;s090de_052;;Mosa_5126V_Core_Collection_Natural_Beige_30x60.png;;
"Online Bemusterung";"Fliesen (Bad)";Bodenfliesen;x;;s090de_053;;Mosa_5104V_Core_Collection_Clay_Grey_30x60.png;;
"Online Bemusterung";"Fliesen (Bad)";Bodenfliesen;x;;s090de_054;;Mosa_5112V_Core_Collection_Graphite_Black_30x60.png;;
"Online Bemusterung";"Fliesen (Bad)";Bodenfliesen;x;;s090de_055;;Mosa_5102V_Core_Collection_Vivid_White_30x60.png;;
"Online Bemusterung";"Fliesen (Bad)";Bodenfliesen;x;;s090de_050;;Bodenfliesen_Mosa-1104V-Residential-Cool-Grey-60x60.png;;
"Online Bemusterung";"Fliesen (Bad)";Bodenfliesen;x;;s090de_051;;Bodenfliesen_Mosa-1101V-Residential-Cream-60x60.png;;
"Online Bemusterung";"Fliesen (Bad)";Bodenfliesen;x;;s090de_056;;Bodenfliesen_Mosa-5126V-Core-Collection-Natural-Beige-60x60.png;;
"Online Bemusterung";"Fliesen (Bad)";Bodenfliesen;x;;s090de_057;;Bodenfliesen_Mosa-5104V-Core-Collection-Clay-Grey-60x60.png;;
"Online Bemusterung";"Fliesen (Bad)";Bodenfliesen;x;;s090de_058;;Bodenfliesen_Mosa-5112V-Core-Collection-Graphite-Black-60x60.png;;
"Online Bemusterung";"Fliesen (Bad)";Bodenfliesen;x;;s090de_059;;Bodenfliesen_Mosa-5102V-Core-Collection-Vivid-White-60x60.png;;
"Online Bemusterung";"Fliesen (Bad)";Wandfliesen;x;;s090de_060;x;Mosa_1104V_Residential_Cool_Grey_30x60-1.png;;
"Online Bemusterung";"Fliesen (Bad)";Wandfliesen;x;;s090de_061;;Mosa_1101V_Residential_Cream_30x60-1.png;;
"Online Bemusterung";"Fliesen (Bad)";Wandfliesen;x;;s090de_064;;Mosa_5126V_Core_Collection_Natural_Beige_30x60-1.png;;
"Online Bemusterung";"Fliesen (Bad)";Wandfliesen;x;;s090de_065;;Mosa_5104V_Core_Collection_Clay_Grey_30x60-1.png;;
"Online Bemusterung";"Fliesen (Bad)";Wandfliesen;x;;s090de_066;;Mosa_5112V_Core_Collection_Graphite_Black_30x60-1.png;;
"Online Bemusterung";"Fliesen (Bad)";Wandfliesen;x;;s090de_067;;Mosa_5102V_Core_Collection_Vivid_White_30x60-1.png;;
"Online Bemusterung";"Fliesen (Bad)";Wandfliesen;x;;s090de_062;;Wandfliesen_Mosa-1104V-Residential-Cool-Grey-60x60.png;;
"Online Bemusterung";"Fliesen (Bad)";Wandfliesen;x;;s090de_063;;Wandfliesen_Mosa-1101V-Residential-Cream-60x60.png;;
"Online Bemusterung";"Fliesen (Bad)";Wandfliesen;x;;s090de_068;;Wandfliesen_Mosa-5126V-Core-Collection-Natural-Beige-60x60.png;;
"Online Bemusterung";"Fliesen (Bad)";Wandfliesen;x;;s090de_069;;Wandfliesen_Mosa-5104V-Core-Collection-Clay-Grey-60x60.png;;
"Online Bemusterung";"Fliesen (Bad)";Wandfliesen;x;;s090de_070;;Wandfliesen_Mosa-5112V-Core-Collection-Graphite-Black-60x60.png;;
"Online Bemusterung";"Fliesen (Bad)";Wandfliesen;x;;s090de_071;;Wandfliesen_Mosa-5102V-Core-Collection-Vivid-White-60x60.png;;
"Online Bemusterung";"Fliesen (Bad)";Abschlussschiene;;;s090de_072;x;;;
"Online Bemusterung";"Fliesen (Bad)";Abschlussschiene;;;s090de_073;;;;
"Online Bemusterung";"Fliesen (Bad)";Abschlussschiene;;;s090de_074;;;;
"Online Bemusterung";"Fliesen (Bad)";Abschlussschiene;;;s090de_075;;;;
"Online Bemusterung";"Fliesen (Bad)";Abschlussschiene;;;s090de_076;;;;
"Online Bemusterung";"Fliesen (Bad)";Sockelleisten;x;;s090de_107;x;;;
"Online Bemusterung";"Fliesen (Bad)";Sockelleisten;x;;s090de_108;;;;
"Online Bemusterung";"Fliesen (Bad)";Sockelleisten;x;;s090de_109;;;;
"Online Bemusterung";"Fliesen (Bad)";Sockelleisten;x;;s090de_110;;;;
"Online Bemusterung";"Fliesen (Bad)";Sockelleisten;x;;s090de_111;;;;
"Online Bemusterung";"Fliesen (Bad)";Sockelleisten;x;;s090de_112;;;;
"Online Bemusterung";Sanitärobjekte;WC;x;;s090de_028;x;5684R0T2_Villeroy_Boch_Architectura_WC.png;#267f61;"Serie: Architectura"
"Online Bemusterung";Sanitärobjekte;WC;x;;s090de_034;;5656HR01_Villeroy_Boch_Avento_WC.png;#3f7f18;"Serie:  Avento"
"Online Bemusterung";Sanitärobjekte;WC;x;;s090de_030;;5614R0RW_Villeroy_Boch_Subway_2.0_WC.png;#749b1f;"Serie: Subway"
"Online Bemusterung";Sanitärobjekte;"Waschtisch Hauptbad";x;;s090de_029;x;5A676001_Villeroy_Boch_Architectura_Waschbecken.png;#267f61;"Serie: Architectura"
"Online Bemusterung";Sanitärobjekte;"Waschtisch Hauptbad";x;;s090de_035;;41586001_Villeroy_Boch_Avento_Waschbecken.png;#3f7f18;"Serie:  Avento"
"Online Bemusterung";Sanitärobjekte;"Waschtisch Hauptbad";x;;s090de_031;;7113F001_Villeroy_Boch_Subway_2.0_Waschbecken.png;#749b1f;"Serie: Subway"
"Online Bemusterung";Sanitärobjekte;"Waschtisch Hauptbad";x;;s090de_116;x;5A676001_Villeroy_Boch_Architectura_Waschbecken.png;#267f61;"Serie: Architectura"
"Online Bemusterung";Sanitärobjekte;"Waschtisch Hauptbad";x;;s090de_118;;41586001_Villeroy_Boch_Avento_Waschbecken.png;#3f7f18;"Serie:  Avento"
"Online Bemusterung";Sanitärobjekte;"Waschtisch Hauptbad";x;;s090de_117;;7113F001_Villeroy_Boch_Subway_2.0_Waschbecken.png;#749b1f;"Serie: Subway"
"Online Bemusterung";Sanitärobjekte;"Waschtisch Hauptbad";x;;s090de_032;;7175A001_Villeroy_Boch_Subway_2.0_Schrankwaschtisch.png;#749b1f;"Serie: Subway"
"Online Bemusterung";Sanitärobjekte;"Waschtisch Hauptbad";x;;s090de_033;;7176D201_Villeroy_Boch_Subway_2.0_Doppelwaschtisch.png;#749b1f;"Serie: Subway"
"Online Bemusterung";Sanitärobjekte;"Waschtisch Hauptbad";x;;s090de_036;;4156A501_Villeroy_Boch_Avento_Waschtisch.png;#3f7f18;"Serie:  Avento"
"Online Bemusterung";Sanitärobjekte;"Waschtisch Hauptbad";x;;s090de_037;;4A23CK01_Villeroy_Boch_Avento_Doppelwaschtisch.png;#3f7f18;"Serie:  Avento"
"Online Bemusterung";Sanitärobjekte;"Waschtisch Gästebad";x;;s090de_113;x;;#267f61;"Serie: Architectura"
"Online Bemusterung";Sanitärobjekte;"Waschtisch Gästebad";x;;s090de_115;;;#3f7f18;"Serie:  Avento"
"Online Bemusterung";Sanitärobjekte;"Waschtisch Gästebad";x;;s090de_114;;;#749b1f;"Serie: Subway"
"Online Bemusterung";Sanitärobjekte;Waschtischarmaturen;x;;s090de_040;x;2339600E_Grohe_Eurosmart_Cosmopolitan_Waschtischarmatur-1.png;;
"Online Bemusterung";Sanitärobjekte;Waschtischarmaturen;x;;s090de_041;;23379001_Grohe_Essence_Waschtischarmatur_1.png;;
"Online Bemusterung";Sanitärobjekte;Waschtischarmaturen;x;;s090de_042;;23076000_Grohe_Allure_Waschtischarmatur-1.png;;
"Online Bemusterung";Sanitärobjekte;Waschtischarmaturen;x;;s090de_043;;33_502_660-00_Dornbracht_Meta_Waschtischarmatur-1.png;;
"Online Bemusterung";Sanitärobjekte;Waschtischarmaturen;x;;s090de_103;;2339600E_Grohe_Eurosmart_Cosmopolitan_Waschtischarmatur.png;;
"Online Bemusterung";Sanitärobjekte;Waschtischarmaturen;x;;s090de_104;;23379001_Grohe_Essence_Waschtischarmatur_2.png;;
"Online Bemusterung";Sanitärobjekte;Waschtischarmaturen;x;;s090de_105;;doppel_23076000_Grohe_Allure_Waschtischarmatur.png;;
"Online Bemusterung";Sanitärobjekte;Waschtischarmaturen;x;;s090de_106;;33_502_660-00_Dornbracht_Meta_Waschtischarmatur.png;;
"Online Bemusterung";Sanitärobjekte;Brausearmaturen;;;s090de_045;x;3416900127225001_Grohe_Duscharmatur.png;;
"Online Bemusterung";Sanitärobjekte;Brausearmaturen;;;s090de_046;;3416900127421002_Grohe_Duscharmatur.png;;
"Online Bemusterung";Sanitärobjekte;Brausearmaturen;;;s090de_047;;34_459_979-0028_015_979-00_Dornbracht_Meta_Showerpipe_Duscharmatur.png;;
"Online Bemusterung";Sanitärobjekte;"Höhe WC";x;;s090de_038;x;;;
"Online Bemusterung";Sanitärobjekte;"Höhe WC";x;;s090de_039;;;;
"Online Bemusterung";Sanitärobjekte;Einrichtungsbeispiel;;;;;Deko_Badezimmer_ohne_Fenster_ne-Siegel.png;;
"Online Bemusterung";Innentüren;Türblatt;x;x;s090de_077;x;;;
"Online Bemusterung";Innentüren;Türblatt;x;x;s090de_079;;;;
"Online Bemusterung";Innentüren;Türblatt;x;x;s090de_078;;;;
"Online Bemusterung";Innentüren;Flurtür;x;;s090de_100;x;;;
"Online Bemusterung";Innentüren;Flurtür;x;;s090de_080;;;;
"Online Bemusterung";Innentüren;Flurtür;x;;s090de_102;;;;
"Online Bemusterung";Innentüren;Flurtür;x;;s090de_082;;;;
"Online Bemusterung";Innentüren;Flurtür;x;;s090de_101;;;;
"Online Bemusterung";Innentüren;Flurtür;x;;s090de_081;;;;
"Online Bemusterung";Innentüren;Türdrücker;x;;s090de_083;x;;;
"Online Bemusterung";Innentüren;Türdrücker;x;;s090de_084;;;;
"Online Bemusterung";Innentüren;Türdrücker;x;;s090de_086;;;;
"Online Bemusterung";Fenster;Fenstergriffe;;;s090de_087;;;;
"Online Bemusterung";Sonstiges;Ersatzfliesen;;x;s090de_088;;;;
"Online Bemusterung";Sonstiges;Ersatzfliesen;;x;s090de_089;;;;
"Online Bemusterung";Sonstiges;Ersatzfliesen;;x;s090de_090;;;;
"Online Bemusterung";Sonstiges;Ersatzfliesen;;x;s090de_091;;;;
"Online Bemusterung";Sonstiges;Ersatzfliesen;;x;s090de_092;;;;
"Online Bemusterung";Sonstiges;Ersatzfliesen;;x;s090de_093;;;;
"Online Bemusterung";Sonstiges;Ersatzfliesen;;x;s090de_094;;;;
"Online Bemusterung";Sonstiges;Ersatzfliesen;;x;s090de_095;;;;
"Online Bemusterung";Sonstiges;Ersatzfliesen;;x;s090de_096;;;;
"Online Bemusterung";Sonstiges;Ersatzfliesen;;x;s090de_097;;;;
"Online Bemusterung";Sonstiges;Ersatzfliesen;;x;s090de_098;;;;
"Online Bemusterung";Sonstiges;Ersatzfliesen;;x;s090de_099;;;;
"Online Bemusterung PM";Bodenbeläge;Parkett/Fliesen;x;x;s090de_001;x;Bembe_Comfort_Tabis_Smart_matt_versiegelt-1.png;;
"Online Bemusterung PM";Bodenbeläge;Parkett/Fliesen;x;x;s090de_002;;Bembe_Comfort_Tabis_Smart.png;;
"Online Bemusterung PM";Bodenbeläge;Parkett/Fliesen;x;x;s090de_005;;Bembe_Comfort_Tabis_Diele_matt_versieglt-1.png;;
"Online Bemusterung PM";Bodenbeläge;Parkett/Fliesen;x;x;s090de_004;;Bembe_Comfort-Tabis_Diele.png;;
"Online Bemusterung PM";Bodenbeläge;Parkett/Fliesen;x;x;s090de_003;;Bembe_Comfort_Tabis_Raeuchereiche_geoelt.png;;
"Online Bemusterung PM";Bodenbeläge;Parkett/Fliesen;x;x;s090de_006;;Bembe_Comfort_Tabis_Diele_Eiche_Mokka_geoelt-1.png;;
"Online Bemusterung PM";Bodenbeläge;Parkett/Fliesen;x;x;s090de_007;;Mosa_1104V_Residential_Cool_Grey_30x60-2.png;;
"Online Bemusterung PM";Bodenbeläge;Parkett/Fliesen;x;x;s090de_008;;Mosa_1101V_Residential_Cream_30x60-2.png;;
"Online Bemusterung PM";Bodenbeläge;Parkett/Fliesen;x;x;s090de_011;;Mosa_5126V_Core_Collection_Natural_Beige_30x60-2.png;;
"Online Bemusterung PM";Bodenbeläge;Parkett/Fliesen;x;x;s090de_012;;Mosa_5104V_Core_Collection_Clay_Grey_30x60-2.png;;
"Online Bemusterung PM";Bodenbeläge;Parkett/Fliesen;x;x;s090de_013;;Mosa_5112V_Core_Collection_Graphite_Black_30x60-2.png;;
"Online Bemusterung PM";Bodenbeläge;Parkett/Fliesen;x;x;s090de_014;;Mosa_5102V_Core_Collection_Vivid_White_30x60-2.png;;
"Online Bemusterung PM";Bodenbeläge;Parkett/Fliesen;x;x;s090de_009;;Mosa-1104V-Residential-Cool-Grey-60x60.png;;
"Online Bemusterung PM";Bodenbeläge;Parkett/Fliesen;x;x;s090de_010;;Mosa-1101V-Residential-Cream-60x60.png;;
"Online Bemusterung PM";Bodenbeläge;Parkett/Fliesen;x;x;s090de_015;;Mosa-5126V-Core-Collection-Natural-Beige-60x60.png;;
"Online Bemusterung PM";Bodenbeläge;Parkett/Fliesen;x;x;s090de_016;;Mosa-5104V-Core-Collection-Clay-Grey-60x60.png;;
"Online Bemusterung PM";Bodenbeläge;Parkett/Fliesen;x;x;s090de_017;;Mosa-5112V-Core-Collection-Graphite-Black-60x60.png;;
"Online Bemusterung PM";Bodenbeläge;Parkett/Fliesen;x;x;s090de_018;;Mosa-5102V-Core-Collection-Vivid-White-60x60.png;;
"Online Bemusterung PM";Bodenbeläge;Sockelleisten;x;x;s090de_019;x;;;
"Online Bemusterung PM";Bodenbeläge;Sockelleisten;x;x;s090de_020;;;;
"Online Bemusterung PM";Bodenbeläge;Sockelleisten;x;x;s090de_021;;;;
"Online Bemusterung PM";Bodenbeläge;Sockelleisten;x;x;s090de_022;;;;
"Online Bemusterung PM";Bodenbeläge;Sockelleisten;x;x;s090de_023;;;;
"Online Bemusterung PM";Bodenbeläge;Sockelleisten;x;x;s090de_024;;;;
"Online Bemusterung PM";Bodenbeläge;Sockelleisten;x;x;s090de_025;;;;
"Online Bemusterung PM";Bodenbeläge;Sockelleisten;x;x;s090de_026;;;;
"Online Bemusterung PM";Bodenbeläge;Sockelleisten;x;x;s090de_027;;;;
"Online Bemusterung PM";Bodenbeläge;"Produkt Ihrer Wahl";;;;;;;
"Online Bemusterung PM";Bodenbeläge;"Produkt Ihrer Wahl";;;;;;;
"Online Bemusterung PM";"Fliesen (Bad)";Bodenfliesen;x;;s090de_048;x;Mosa_1104V_Residential_Cool_Grey_30x60.png;;
"Online Bemusterung PM";"Fliesen (Bad)";Bodenfliesen;x;;s090de_049;;Mosa_1101V_Residential_Cream_30x60.png;;
"Online Bemusterung PM";"Fliesen (Bad)";Bodenfliesen;x;;s090de_052;;Mosa_5126V_Core_Collection_Natural_Beige_30x60.png;;
"Online Bemusterung PM";"Fliesen (Bad)";Bodenfliesen;x;;s090de_053;;Mosa_5104V_Core_Collection_Clay_Grey_30x60.png;;
"Online Bemusterung PM";"Fliesen (Bad)";Bodenfliesen;x;;s090de_054;;Mosa_5112V_Core_Collection_Graphite_Black_30x60.png;;
"Online Bemusterung PM";"Fliesen (Bad)";Bodenfliesen;x;;s090de_055;;Mosa_5102V_Core_Collection_Vivid_White_30x60.png;;
"Online Bemusterung PM";"Fliesen (Bad)";Bodenfliesen;x;;s090de_050;;Bodenfliesen_Mosa-1104V-Residential-Cool-Grey-60x60.png;;
"Online Bemusterung PM";"Fliesen (Bad)";Bodenfliesen;x;;s090de_051;;Bodenfliesen_Mosa-1101V-Residential-Cream-60x60.png;;
"Online Bemusterung PM";"Fliesen (Bad)";Bodenfliesen;x;;s090de_056;;Bodenfliesen_Mosa-5126V-Core-Collection-Natural-Beige-60x60.png;;
"Online Bemusterung PM";"Fliesen (Bad)";Bodenfliesen;x;;s090de_057;;Bodenfliesen_Mosa-5104V-Core-Collection-Clay-Grey-60x60.png;;
"Online Bemusterung PM";"Fliesen (Bad)";Bodenfliesen;x;;s090de_058;;Bodenfliesen_Mosa-5112V-Core-Collection-Graphite-Black-60x60.png;;
"Online Bemusterung PM";"Fliesen (Bad)";Bodenfliesen;x;;s090de_059;;Bodenfliesen_Mosa-5102V-Core-Collection-Vivid-White-60x60.png;;
"Online Bemusterung PM";"Fliesen (Bad)";Wandfliesen;x;;s090de_060;x;Mosa_1104V_Residential_Cool_Grey_30x60-1.png;;
"Online Bemusterung PM";"Fliesen (Bad)";Wandfliesen;x;;s090de_061;;Mosa_1101V_Residential_Cream_30x60-1.png;;
"Online Bemusterung PM";"Fliesen (Bad)";Wandfliesen;x;;s090de_064;;Mosa_5126V_Core_Collection_Natural_Beige_30x60-1.png;;
"Online Bemusterung PM";"Fliesen (Bad)";Wandfliesen;x;;s090de_065;;Mosa_5104V_Core_Collection_Clay_Grey_30x60-1.png;;
"Online Bemusterung PM";"Fliesen (Bad)";Wandfliesen;x;;s090de_066;;Mosa_5112V_Core_Collection_Graphite_Black_30x60-1.png;;
"Online Bemusterung PM";"Fliesen (Bad)";Wandfliesen;x;;s090de_067;;Mosa_5102V_Core_Collection_Vivid_White_30x60-1.png;;
"Online Bemusterung PM";"Fliesen (Bad)";Wandfliesen;x;;s090de_062;;Wandfliesen_Mosa-1104V-Residential-Cool-Grey-60x60.png;;
"Online Bemusterung PM";"Fliesen (Bad)";Wandfliesen;x;;s090de_063;;Wandfliesen_Mosa-1101V-Residential-Cream-60x60.png;;
"Online Bemusterung PM";"Fliesen (Bad)";Wandfliesen;x;;s090de_068;;Wandfliesen_Mosa-5126V-Core-Collection-Natural-Beige-60x60.png;;
"Online Bemusterung PM";"Fliesen (Bad)";Wandfliesen;x;;s090de_069;;Wandfliesen_Mosa-5104V-Core-Collection-Clay-Grey-60x60.png;;
"Online Bemusterung PM";"Fliesen (Bad)";Wandfliesen;x;;s090de_070;;Wandfliesen_Mosa-5112V-Core-Collection-Graphite-Black-60x60.png;;
"Online Bemusterung PM";"Fliesen (Bad)";Wandfliesen;x;;s090de_071;;Wandfliesen_Mosa-5102V-Core-Collection-Vivid-White-60x60.png;;
"Online Bemusterung PM";"Fliesen (Bad)";Abschlussschiene;;;s090de_072;x;;;
"Online Bemusterung PM";"Fliesen (Bad)";Abschlussschiene;;;s090de_073;;;;
"Online Bemusterung PM";"Fliesen (Bad)";Abschlussschiene;;;s090de_074;;;;
"Online Bemusterung PM";"Fliesen (Bad)";Abschlussschiene;;;s090de_075;;;;
"Online Bemusterung PM";"Fliesen (Bad)";Abschlussschiene;;;s090de_076;;;;
"Online Bemusterung PM";"Fliesen (Bad)";Sockelleisten;x;;s090de_107;;;;
"Online Bemusterung PM";"Fliesen (Bad)";Sockelleisten;x;;s090de_108;;;;
"Online Bemusterung PM";"Fliesen (Bad)";Sockelleisten;x;;s090de_109;;;;
"Online Bemusterung PM";"Fliesen (Bad)";Sockelleisten;x;;s090de_110;;;;
"Online Bemusterung PM";"Fliesen (Bad)";Sockelleisten;x;;s090de_111;;;;
"Online Bemusterung PM";"Fliesen (Bad)";Sockelleisten;x;;s090de_112;;;;
"Online Bemusterung PM";"Fliesen (Bad)";Musterausstattung;;;;;Deko_Badezimmer_ohne_Fenster_ne-Siegel.png;;
"Online Bemusterung PM";"Fliesen (Bad)";"Produkt Ihrer Wahl";;;;;;;
"Online Bemusterung PM";"Fliesen (Bad)";"Produkt Ihrer Wahl";;;;;;;
"Online Bemusterung PM";Sanitärobjekte;WC;x;;s090de_028;x;5684R0T2_Villeroy_Boch_Architectura_WC.png;#267f61;"Serie: Architectura"
"Online Bemusterung PM";Sanitärobjekte;WC;x;;s090de_034;;5656HR01_Villeroy_Boch_Avento_WC.png;#3f7f18;"Serie:  Avento"
"Online Bemusterung PM";Sanitärobjekte;WC;x;;s090de_030;;5614R0RW_Villeroy_Boch_Subway_2.0_WC.png;#749b1f;"Serie: Subway"
"Online Bemusterung PM";Sanitärobjekte;Waschtisch;x;;s090de_029;x;5A676001_Villeroy_Boch_Architectura_Waschbecken.png;#267f61;"Serie: Architectura"
"Online Bemusterung PM";Sanitärobjekte;Waschtisch;x;;s090de_035;;41586001_Villeroy_Boch_Avento_Waschbecken.png;#3f7f18;"Serie:  Avento"
"Online Bemusterung PM";Sanitärobjekte;Waschtisch;x;;s090de_031;;7113F001_Villeroy_Boch_Subway_2.0_Waschbecken.png;#749b1f;"Serie: Subway"
"Online Bemusterung PM";Sanitärobjekte;Waschtisch;x;;s090de_032;;7175A001_Villeroy_Boch_Subway_2.0_Schrankwaschtisch.png;#749b1f;"Serie: Subway"
"Online Bemusterung PM";Sanitärobjekte;Waschtisch;x;;s090de_033;;7176D201_Villeroy_Boch_Subway_2.0_Doppelwaschtisch.png;#749b1f;"Serie: Subway"
"Online Bemusterung PM";Sanitärobjekte;Waschtisch;x;;s090de_036;;4156A501_Villeroy_Boch_Avento_Waschtisch.png;#3f7f18;"Serie:  Avento"
"Online Bemusterung PM";Sanitärobjekte;Waschtisch;x;;s090de_037;;4A23CK01_Villeroy_Boch_Avento_Doppelwaschtisch.png;#3f7f18;"Serie:  Avento"
"Online Bemusterung PM";Sanitärobjekte;Waschtischarmaturen;x;;s090de_040;x;2339600E_Grohe_Eurosmart_Cosmopolitan_Waschtischarmatur-1.png;;
"Online Bemusterung PM";Sanitärobjekte;Waschtischarmaturen;x;;s090de_041;;23379001_Grohe_Essence_Waschtischarmatur_1.png;;
"Online Bemusterung PM";Sanitärobjekte;Waschtischarmaturen;x;;s090de_042;;23076000_Grohe_Allure_Waschtischarmatur-1.png;;
"Online Bemusterung PM";Sanitärobjekte;Waschtischarmaturen;x;;s090de_043;;33_502_660-00_Dornbracht_Meta_Waschtischarmatur-1.png;;
"Online Bemusterung PM";Sanitärobjekte;Waschtischarmaturen;x;;s090de_103;;2339600E_Grohe_Eurosmart_Cosmopolitan_Waschtischarmatur.png;;
"Online Bemusterung PM";Sanitärobjekte;Waschtischarmaturen;x;;s090de_104;;23379001_Grohe_Essence_Waschtischarmatur_2.png;;
"Online Bemusterung PM";Sanitärobjekte;Waschtischarmaturen;x;;s090de_105;;doppel_23076000_Grohe_Allure_Waschtischarmatur.png;;
"Online Bemusterung PM";Sanitärobjekte;Waschtischarmaturen;x;;s090de_106;;33_502_660-00_Dornbracht_Meta_Waschtischarmatur.png;;
"Online Bemusterung PM";Sanitärobjekte;Brausearmaturen;;;s090de_045;x;3416900127225001_Grohe_Duscharmatur.png;;
"Online Bemusterung PM";Sanitärobjekte;Brausearmaturen;;;s090de_046;;3416900127421002_Grohe_Duscharmatur.png;;
"Online Bemusterung PM";Sanitärobjekte;Brausearmaturen;;;s090de_047;;34_459_979-0028_015_979-00_Dornbracht_Meta_Showerpipe_Duscharmatur.png;;
"Online Bemusterung PM";Sanitärobjekte;"Höhe WC";x;;s090de_038;x;;;
"Online Bemusterung PM";Sanitärobjekte;"Höhe WC";x;;s090de_039;x;;;
"Online Bemusterung PM";Sanitärobjekte;"Produkt Ihrer Wahl";;;;;;;
"Online Bemusterung PM";Sanitärobjekte;"Produkt Ihrer Wahl";;;;;;;
"Online Bemusterung PM";Innentüren;Türblatt;x;x;s090de_077;x;;;
"Online Bemusterung PM";Innentüren;Türblatt;x;x;s090de_079;;;;
"Online Bemusterung PM";Innentüren;Türblatt;x;x;s090de_078;;;;
"Online Bemusterung PM";Innentüren;Flurtür;x;;s090de_100;x;;;
"Online Bemusterung PM";Innentüren;Flurtür;x;;s090de_080;;;;
"Online Bemusterung PM";Innentüren;Flurtür;x;;s090de_102;;;;
"Online Bemusterung PM";Innentüren;Flurtür;x;;s090de_082;;;;
"Online Bemusterung PM";Innentüren;Flurtür;x;;s090de_101;;;;
"Online Bemusterung PM";Innentüren;Flurtür;x;;s090de_081;;;;
"Online Bemusterung PM";Innentüren;Türdrücker;x;;s090de_083;x;;;
"Online Bemusterung PM";Innentüren;Türdrücker;x;;s090de_084;;;;
"Online Bemusterung PM";Innentüren;Türdrücker;x;;s090de_086;;;;
"Online Bemusterung PM";Fenster;Fenstergriffe;;;s090de_087;;;;
"Online Bemusterung PM";Sonstiges;Ersatzfliesen;;x;s090de_088;;;;
"Online Bemusterung PM";Sonstiges;Ersatzfliesen;;x;s090de_089;;;;
"Online Bemusterung PM";Sonstiges;Ersatzfliesen;;x;s090de_090;;;;
"Online Bemusterung PM";Sonstiges;Ersatzfliesen;;x;s090de_091;;;;
"Online Bemusterung PM";Sonstiges;Ersatzfliesen;;x;s090de_092;;;;
"Online Bemusterung PM";Sonstiges;Ersatzfliesen;;x;s090de_093;;;;
"Online Bemusterung PM";Sonstiges;Ersatzfliesen;;x;s090de_094;;;;
"Online Bemusterung PM";Sonstiges;Ersatzfliesen;;x;s090de_095;;;;
"Online Bemusterung PM";Sonstiges;Ersatzfliesen;;x;s090de_096;;;;
"Online Bemusterung PM";Sonstiges;Ersatzfliesen;;x;s090de_097;;;;
"Online Bemusterung PM";Sonstiges;Ersatzfliesen;;x;s090de_098;;;;
"Online Bemusterung PM";Sonstiges;Ersatzfliesen;;x;s090de_099;;;;
"Online Bemusterung PM";Sonstiges;"Produkt Ihrer Wahl";;;;;;;
"Online Bemusterung PM";Sonstiges;"Produkt Ihrer Wahl";;;;;;;
"Online Bemusterung - Alt";Bodenbeläge;Parkett/Fliesen;x;x;s090de_001;x;Bembe_Comfort_Tabis_Smart_matt_versiegelt-1.png;;
"Online Bemusterung - Alt";Bodenbeläge;Parkett/Fliesen;x;x;s090de_002;;Bembe_Comfort_Tabis_Smart.png;;
"Online Bemusterung - Alt";Bodenbeläge;Parkett/Fliesen;x;x;s090de_005;;Bembe_Comfort_Tabis_Diele_matt_versieglt-1.png;;
"Online Bemusterung - Alt";Bodenbeläge;Parkett/Fliesen;x;x;s090de_004;;Bembe_Comfort-Tabis_Diele.png;;
"Online Bemusterung - Alt";Bodenbeläge;Parkett/Fliesen;x;x;s090de_003;;Bembe_Comfort_Tabis_Raeuchereiche_geoelt.png;;
"Online Bemusterung - Alt";Bodenbeläge;Parkett/Fliesen;x;x;s090de_006;;Bembe_Comfort_Tabis_Diele_Eiche_Mokka_geoelt-1.png;;
"Online Bemusterung - Alt";Bodenbeläge;Parkett/Fliesen;x;x;s090de_007;;Mosa_1104V_Residential_Cool_Grey_30x60-2.png;;
"Online Bemusterung - Alt";Bodenbeläge;Parkett/Fliesen;x;x;s090de_008;;Mosa_1101V_Residential_Cream_30x60-2.png;;
"Online Bemusterung - Alt";Bodenbeläge;Parkett/Fliesen;x;x;s090de_011;;Mosa_5126V_Core_Collection_Natural_Beige_30x60-2.png;;
"Online Bemusterung - Alt";Bodenbeläge;Parkett/Fliesen;x;x;s090de_012;;Mosa_5104V_Core_Collection_Clay_Grey_30x60-2.png;;
"Online Bemusterung - Alt";Bodenbeläge;Parkett/Fliesen;x;x;s090de_013;;Mosa_5112V_Core_Collection_Graphite_Black_30x60-2.png;;
"Online Bemusterung - Alt";Bodenbeläge;Parkett/Fliesen;x;x;s090de_014;;Mosa_5102V_Core_Collection_Vivid_White_30x60-2.png;;
"Online Bemusterung - Alt";Bodenbeläge;Parkett/Fliesen;x;x;s090de_009;;Mosa-1104V-Residential-Cool-Grey-60x60.png;;
"Online Bemusterung - Alt";Bodenbeläge;Parkett/Fliesen;x;x;s090de_010;;Mosa-1101V-Residential-Cream-60x60.png;;
"Online Bemusterung - Alt";Bodenbeläge;Parkett/Fliesen;x;x;s090de_015;;Mosa-5126V-Core-Collection-Natural-Beige-60x60.png;;
"Online Bemusterung - Alt";Bodenbeläge;Parkett/Fliesen;x;x;s090de_016;;Mosa-5104V-Core-Collection-Clay-Grey-60x60.png;;
"Online Bemusterung - Alt";Bodenbeläge;Parkett/Fliesen;x;x;s090de_017;;Mosa-5112V-Core-Collection-Graphite-Black-60x60.png;;
"Online Bemusterung - Alt";Bodenbeläge;Parkett/Fliesen;x;x;s090de_018;;Mosa-5102V-Core-Collection-Vivid-White-60x60.png;;
"Online Bemusterung - Alt";Bodenbeläge;Sockelleisten;x;x;s090de_019;x;;;
"Online Bemusterung - Alt";Bodenbeläge;Sockelleisten;x;x;s090de_020;;;;
"Online Bemusterung - Alt";Bodenbeläge;Sockelleisten;x;x;s090de_021;;;;
"Online Bemusterung - Alt";Bodenbeläge;Sockelleisten;x;x;s090de_022;;;;
"Online Bemusterung - Alt";Bodenbeläge;Sockelleisten;x;x;s090de_023;;;;
"Online Bemusterung - Alt";Bodenbeläge;Sockelleisten;x;x;s090de_024;;;;
"Online Bemusterung - Alt";Bodenbeläge;Sockelleisten;x;x;s090de_025;;;;
"Online Bemusterung - Alt";Bodenbeläge;Sockelleisten;x;x;s090de_026;;;;
"Online Bemusterung - Alt";Bodenbeläge;Sockelleisten;x;x;s090de_027;;;;
"Online Bemusterung - Alt";"Fliesen (Bad)";Bodenfliesen;x;;s090de_048;x;Mosa_1104V_Residential_Cool_Grey_30x60.png;;
"Online Bemusterung - Alt";"Fliesen (Bad)";Bodenfliesen;x;;s090de_049;;Mosa_1101V_Residential_Cream_30x60.png;;
"Online Bemusterung - Alt";"Fliesen (Bad)";Bodenfliesen;x;;s090de_052;;Mosa_5126V_Core_Collection_Natural_Beige_30x60.png;;
"Online Bemusterung - Alt";"Fliesen (Bad)";Bodenfliesen;x;;s090de_053;;Mosa_5104V_Core_Collection_Clay_Grey_30x60.png;;
"Online Bemusterung - Alt";"Fliesen (Bad)";Bodenfliesen;x;;s090de_054;;Mosa_5112V_Core_Collection_Graphite_Black_30x60.png;;
"Online Bemusterung - Alt";"Fliesen (Bad)";Bodenfliesen;x;;s090de_055;;Mosa_5102V_Core_Collection_Vivid_White_30x60.png;;
"Online Bemusterung - Alt";"Fliesen (Bad)";Bodenfliesen;x;;s090de_050;;Bodenfliesen_Mosa-1104V-Residential-Cool-Grey-60x60.png;;
"Online Bemusterung - Alt";"Fliesen (Bad)";Bodenfliesen;x;;s090de_051;;Bodenfliesen_Mosa-1101V-Residential-Cream-60x60.png;;
"Online Bemusterung - Alt";"Fliesen (Bad)";Bodenfliesen;x;;s090de_056;;Bodenfliesen_Mosa-5126V-Core-Collection-Natural-Beige-60x60.png;;
"Online Bemusterung - Alt";"Fliesen (Bad)";Bodenfliesen;x;;s090de_057;;Bodenfliesen_Mosa-5104V-Core-Collection-Clay-Grey-60x60.png;;
"Online Bemusterung - Alt";"Fliesen (Bad)";Bodenfliesen;x;;s090de_058;;Bodenfliesen_Mosa-5112V-Core-Collection-Graphite-Black-60x60.png;;
"Online Bemusterung - Alt";"Fliesen (Bad)";Bodenfliesen;x;;s090de_059;;Bodenfliesen_Mosa-5102V-Core-Collection-Vivid-White-60x60.png;;
"Online Bemusterung - Alt";"Fliesen (Bad)";Wandfliesen;x;;s090de_060;x;Mosa_1104V_Residential_Cool_Grey_30x60-1.png;;
"Online Bemusterung - Alt";"Fliesen (Bad)";Wandfliesen;x;;s090de_061;;Mosa_1101V_Residential_Cream_30x60-1.png;;
"Online Bemusterung - Alt";"Fliesen (Bad)";Wandfliesen;x;;s090de_064;;Mosa_5126V_Core_Collection_Natural_Beige_30x60-1.png;;
"Online Bemusterung - Alt";"Fliesen (Bad)";Wandfliesen;x;;s090de_065;;Mosa_5104V_Core_Collection_Clay_Grey_30x60-1.png;;
"Online Bemusterung - Alt";"Fliesen (Bad)";Wandfliesen;x;;s090de_066;;Mosa_5112V_Core_Collection_Graphite_Black_30x60-1.png;;
"Online Bemusterung - Alt";"Fliesen (Bad)";Wandfliesen;x;;s090de_067;;Mosa_5102V_Core_Collection_Vivid_White_30x60-1.png;;
"Online Bemusterung - Alt";"Fliesen (Bad)";Wandfliesen;x;;s090de_062;;Wandfliesen_Mosa-1104V-Residential-Cool-Grey-60x60.png;;
"Online Bemusterung - Alt";"Fliesen (Bad)";Wandfliesen;x;;s090de_063;;Wandfliesen_Mosa-1101V-Residential-Cream-60x60.png;;
"Online Bemusterung - Alt";"Fliesen (Bad)";Wandfliesen;x;;s090de_068;;Wandfliesen_Mosa-5126V-Core-Collection-Natural-Beige-60x60.png;;
"Online Bemusterung - Alt";"Fliesen (Bad)";Wandfliesen;x;;s090de_069;;Wandfliesen_Mosa-5104V-Core-Collection-Clay-Grey-60x60.png;;
"Online Bemusterung - Alt";"Fliesen (Bad)";Wandfliesen;x;;s090de_070;;Wandfliesen_Mosa-5112V-Core-Collection-Graphite-Black-60x60.png;;
"Online Bemusterung - Alt";"Fliesen (Bad)";Wandfliesen;x;;s090de_071;;Wandfliesen_Mosa-5102V-Core-Collection-Vivid-White-60x60.png;;
"Online Bemusterung - Alt";"Fliesen (Bad)";Abschlussschiene;;;s090de_072;x;;;
"Online Bemusterung - Alt";"Fliesen (Bad)";Abschlussschiene;;;s090de_073;;;;
"Online Bemusterung - Alt";"Fliesen (Bad)";Abschlussschiene;;;s090de_074;;;;
"Online Bemusterung - Alt";"Fliesen (Bad)";Abschlussschiene;;;s090de_075;;;;
"Online Bemusterung - Alt";"Fliesen (Bad)";Abschlussschiene;;;s090de_076;;;;
"Online Bemusterung - Alt";"Fliesen (Bad)";Sockelleisten;x;;s090de_107;x;;;
"Online Bemusterung - Alt";"Fliesen (Bad)";Sockelleisten;x;;s090de_108;;;;
"Online Bemusterung - Alt";"Fliesen (Bad)";Sockelleisten;x;;s090de_109;;;;
"Online Bemusterung - Alt";"Fliesen (Bad)";Sockelleisten;x;;s090de_110;;;;
"Online Bemusterung - Alt";"Fliesen (Bad)";Sockelleisten;x;;s090de_111;;;;
"Online Bemusterung - Alt";"Fliesen (Bad)";Sockelleisten;x;;s090de_112;;;;
"Online Bemusterung - Alt";"Fliesen (Bad)";Einrichtungsbeispiel;;;;;Deko_Badezimmer_ohne_Fenster_ne-Siegel.png;;
"Online Bemusterung - Alt";Sanitärobjekte;WC;x;;s090de_028;x;5684R0T2_Villeroy_Boch_Architectura_WC.png;#267f61;"Serie: Architectura"
"Online Bemusterung - Alt";Sanitärobjekte;WC;x;;s090de_034;;5656HR01_Villeroy_Boch_Avento_WC.png;#3f7f18;"Serie:  Avento"
"Online Bemusterung - Alt";Sanitärobjekte;WC;x;;s090de_030;;5614R0RW_Villeroy_Boch_Subway_2.0_WC.png;#749b1f;"Serie: Subway"
"Online Bemusterung - Alt";Sanitärobjekte;Waschtisch;x;;s090de_029;x;5A676001_Villeroy_Boch_Architectura_Waschbecken.png;#267f61;"Serie: Architectura"
"Online Bemusterung - Alt";Sanitärobjekte;Waschtisch;x;;s090de_035;;41586001_Villeroy_Boch_Avento_Waschbecken.png;#3f7f18;"Serie:  Avento"
"Online Bemusterung - Alt";Sanitärobjekte;Waschtisch;x;;s090de_031;;7113F001_Villeroy_Boch_Subway_2.0_Waschbecken.png;#749b1f;"Serie: Subway"
"Online Bemusterung - Alt";Sanitärobjekte;Waschtisch;x;;s090de_032;;7175A001_Villeroy_Boch_Subway_2.0_Schrankwaschtisch.png;#749b1f;"Serie: Subway"
"Online Bemusterung - Alt";Sanitärobjekte;Waschtisch;x;;s090de_033;;7176D201_Villeroy_Boch_Subway_2.0_Doppelwaschtisch.png;#749b1f;"Serie: Subway"
"Online Bemusterung - Alt";Sanitärobjekte;Waschtisch;x;;s090de_036;;4156A501_Villeroy_Boch_Avento_Waschtisch.png;#3f7f18;"Serie:  Avento"
"Online Bemusterung - Alt";Sanitärobjekte;Waschtisch;x;;s090de_037;;4A23CK01_Villeroy_Boch_Avento_Doppelwaschtisch.png;#3f7f18;"Serie:  Avento"
"Online Bemusterung - Alt";Sanitärobjekte;Waschtischarmaturen;x;;s090de_040;x;2339600E_Grohe_Eurosmart_Cosmopolitan_Waschtischarmatur-1.png;;
"Online Bemusterung - Alt";Sanitärobjekte;Waschtischarmaturen;x;;s090de_041;;24171DC1_Grohe_Essence_Waschtischarmatur-1.png;;
"Online Bemusterung - Alt";Sanitärobjekte;Waschtischarmaturen;x;;s090de_042;;23076000_Grohe_Allure_Waschtischarmatur-1.png;;
"Online Bemusterung - Alt";Sanitärobjekte;Waschtischarmaturen;x;;s090de_043;;33_502_660-00_Dornbracht_Meta_Waschtischarmatur-1.png;;
"Online Bemusterung - Alt";Sanitärobjekte;Waschtischarmaturen;x;;s090de_103;;2339600E_Grohe_Eurosmart_Cosmopolitan_Waschtischarmatur.png;;
"Online Bemusterung - Alt";Sanitärobjekte;Waschtischarmaturen;x;;s090de_104;;24171DC1_Grohe_Essence_Waschtischarmatur.png;;
"Online Bemusterung - Alt";Sanitärobjekte;Waschtischarmaturen;x;;s090de_105;;23076000_Grohe_Allure_Waschtischarmatur.png;;
"Online Bemusterung - Alt";Sanitärobjekte;Waschtischarmaturen;x;;s090de_106;;33_502_660-00_Dornbracht_Meta_Waschtischarmatur.png;;
"Online Bemusterung - Alt";Sanitärobjekte;Brausearmaturen;;;s090de_045;x;3416900127225001_Grohe_Duscharmatur.png;;
"Online Bemusterung - Alt";Sanitärobjekte;Brausearmaturen;;;s090de_046;;3416900127421002_Grohe_Duscharmatur.png;;
"Online Bemusterung - Alt";Sanitärobjekte;Brausearmaturen;;;s090de_047;;34_459_979-0028_015_979-00_Dornbracht_Meta_Showerpipe_Duscharmatur.png;;
"Online Bemusterung - Alt";Sanitärobjekte;"Höhe WC";x;;s090de_038;x;;;
"Online Bemusterung - Alt";Sanitärobjekte;"Höhe WC";x;;s090de_039;;;;
"Online Bemusterung - Alt";Innentüren;Türblatt;x;x;s090de_077;x;;;
"Online Bemusterung - Alt";Innentüren;Türblatt;x;x;s090de_079;;;;
"Online Bemusterung - Alt";Innentüren;Türblatt;x;x;s090de_078;;;;
"Online Bemusterung - Alt";Innentüren;Flurtür;x;;s090de_100;x;;;
"Online Bemusterung - Alt";Innentüren;Flurtür;x;;s090de_080;;;;
"Online Bemusterung - Alt";Innentüren;Flurtür;x;;s090de_102;;;;
"Online Bemusterung - Alt";Innentüren;Flurtür;x;;s090de_082;;;;
"Online Bemusterung - Alt";Innentüren;Flurtür;x;;s090de_101;;;;
"Online Bemusterung - Alt";Innentüren;Flurtür;x;;s090de_081;;;;
"Online Bemusterung - Alt";Innentüren;Türdrücker;x;;s090de_083;x;;;
"Online Bemusterung - Alt";Innentüren;Türdrücker;x;;s090de_084;;;;
"Online Bemusterung - Alt";Innentüren;Türdrücker;x;;s090de_086;;;;
"Online Bemusterung - Alt";Fenster;Fenstergriffe;;;s090de_087;;;;
"Online Bemusterung - Alt";Sonstiges;Ersatzfliesen;;x;s090de_088;;;;
"Online Bemusterung - Alt";Sonstiges;Ersatzfliesen;;x;s090de_089;;;;
"Online Bemusterung - Alt";Sonstiges;Ersatzfliesen;;x;s090de_090;;;;
"Online Bemusterung - Alt";Sonstiges;Ersatzfliesen;;x;s090de_091;;;;
"Online Bemusterung - Alt";Sonstiges;Ersatzfliesen;;x;s090de_092;;;;
"Online Bemusterung - Alt";Sonstiges;Ersatzfliesen;;x;s090de_093;;;;
"Online Bemusterung - Alt";Sonstiges;Ersatzfliesen;;x;s090de_094;;;;
"Online Bemusterung - Alt";Sonstiges;Ersatzfliesen;;x;s090de_095;;;;
"Online Bemusterung - Alt";Sonstiges;Ersatzfliesen;;x;s090de_096;;;;
"Online Bemusterung - Alt";Sonstiges;Ersatzfliesen;;x;s090de_097;;;;
"Online Bemusterung - Alt";Sonstiges;Ersatzfliesen;;x;s090de_098;;;;
"Online Bemusterung - Alt";Sonstiges;Ersatzfliesen;;x;s090de_099;;;;
